-- Address Inserts
INSERT INTO Address VALUES(1234,"Dirt Rd.","L2H0A5");
INSERT INTO Address VALUES(4523,"CSGO Rd.","L271R7");
INSERT INTO Address VALUES(5623,"Shannon Dr.","L3U0I1");
INSERT INTO Address VALUES(6241,"Raptors Rd.","L2G7T7");

-- Person Table Inserts
INSERT INTO PersonLivesAt VALUES(1234,25235132,'George','2000-08-25','A','Alive');
INSERT INTO PersonLivesAt VALUES(4523,27525241,"Tom",'1995-10-05','O','Alive');
INSERT INTO PersonLivesAt VALUES(1234,75354632,"Abu",'1993-01-09','BA','Dead');
INSERT INTO PersonLivesAt VALUES(5623,65938573,"Tony",'1950-07-22','A','Alive');
INSERT INTO PersonLivesAt VALUES(6241,89339242,"Imran",'1995-10-26','AB','Alive');

-- Inserts Patient
INSERT INTO Patient VALUES(25235132,'High');
INSERT INTO Patient VALUES(27525241,'High');
INSERT INTO Patient VALUES(75354632,'Low');
INSERT INTO Patient VALUES(65938573,'Med');
INSERT INTO Patient VALUES(89339242,'High');

-- Inserts PHE
INSERT INTO PHE VALUES(25235132);
INSERT INTO PHE VALUES(89339242);
INSERT INTO PHE VALUES(65938573);

-- Inserts on Econtact
INSERT INTO EContact VALUES(25235132,27525241);
INSERT INTO EContact VALUES(27525241,75354632);
INSERT INTO EContact VALUES(75354632,65938573);
INSERT INTO EContact VALUES(65938573,89339242);
INSERT INTO EContact VALUES(89339242,25235132);

-- Inserts into VacSite
INSERT INTO VacSite VALUES(41231,"Cool Vacsite");
INSERT INTO VacSite VALUES(51414,"Best Vacsite");
INSERT INTO VacSite VALUES(11536," Dayz Vacsite");
INSERT INTO VacSite VALUES(85842,"Walking Dead Vacsite");

-- Inserts to LocateAt
INSERT INTO LocateAt VALUES(1234,41231);
INSERT INTO LocateAt VALUES(4523,11536);
INSERT INTO LocateAt VALUES(5623,85842);
INSERT INTO LocateAt VALUES(6241,51414);

-- Inserts Region table
INSERT INTO Region VALUES(141425,"Kanto","Rural");
INSERT INTO Region VALUES(412451,"Johoto","Urban");
INSERT INTO Region VALUES(531412,"Houen","Urban");

-- Insert Reside
INSERT INTO Resides VALUES(41231,141425);
INSERT INTO Resides VALUES(51414,141425);
INSERT INTO Resides VALUES(11536,531412);
INSERT INTO Resides VALUES(85842,531412);

-- Insert Vaccine 
INSERT INTO Vaccine VALUES(213,"100");
INSERT INTO Vaccine VALUES(412,"200");
INSERT INTO Vaccine VALUES(523,"250");

-- Insert into Vaccinate With
INSERT INTO VaccinateWith VALUES(412,25235132,"2015-08-01");
INSERT INTO VaccinateWith VALUES(213,27525241,"2015-10-22");
INSERT INTO VaccinateWith VALUES(213,65938573,"2015-06-15");
INSERT INTO VaccinateWith VALUES(412,89339242,"2015-08-14");
INSERT INTO VaccinateWith VALUES(412,75354632,"2015-03-23");

-- Insert Virus
INSERT INTO Virus VALUES(17,"Counting Disease","HIGH");
INSERT INTO Virus VALUES(23,"Ebola Disease","LOW");
INSERT INTO Virus VALUES(12,"ETCC Disease","MEDIUM");

-- Insert into infected with 
INSERT INTO InfectedWith VALUES(25235132,12,"TREATED");
INSERT INTO InfectedWith VALUES(27525241,23,"TREATED");
INSERT INTO InfectedWith VALUES(65938573,12,"NOT TREATED");
INSERT INTO InfectedWith VALUES(89339242,17,"NOT TREATED");
INSERT INTO InfectedWith VALUES(75354632,23,"NOT TREATED");

-- Insert into Protect Against
INSERT INTO ProtectsAgainst VALUES(213,17); 
INSERT INTO ProtectsAgainst VALUES(412,12);

-- Supervises 
INSERT INTO Supervises VALUES(41231,65938573);
INSERT INTO Supervises VALUES(51414,89339242);
INSERT INTO Supervises VALUES(11536,25235132);

-- Assigned to
INSERT INTO AssignedTo VALUES(25235132,51414);
INSERT INTO AssignedTo VALUES(89339242,11536);
INSERT INTO AssignedTo VALUES(65938573,51414);
